{
  "C": 10.0,
  "dataset": "MNIST used as NIST substitute",
  "degree": 4,
  "gamma": 0.01,
  "original_table_3": {
    "combined_test_error_percent": 1.1,
    "support_vectors": [
      1379,
      989,
      1958,
      1900,
      1224,
      2024,
      1527,
      2064,
      2332,
      2765
    ],
    "test_errors": [
      19,
      14,
      35,
      35,
      36,
      49,
      32,
      43,
      48,
      63
    ],
    "train_errors": [
      7,
      16,
      8,
      11,
      2,
      4,
      8,
      16,
      4,
      1
    ]
  },
  "support_vectors_by_class": [
    51,
    50,
    77,
    61,
    73,
    80,
    73,
    78,
    71,
    71
  ],
  "support_vectors_mean": 68.5,
  "support_vectors_total": 685,
  "test_accuracy": 0.82,
  "test_f1_macro": 0.8194598360178565,
  "test_precision_macro": 0.839810576787365,
  "test_recall_macro": 0.82,
  "test_size": 200,
  "train_accuracy": 1.0,
  "train_size": 200
}